Titulo,Precio,Link
Tarja Acero Inoxidable Fregadero Para Cocina Con Grifo 80x45 Color Negro,"$1,983",https://click1.mercadolibre.com.mx/mclics/clicks/external/MLM/count?a=2JpAo3r7I6R9yXqH6vbUhmRoxup3kVOPIQq%2BWO0PoUdHlqhKHtaWIM6OcpzbRDWrqqNVxpTpQF%2B0Y8TeprGyBK6lKDnMJkllR0zmRhRJWSg3cm8M1fwVIr6freqY73TR35ymyJ74fsnipCv3E3PNOXHHaVc1z4FoYAyp2f9RTJEOqysTq00r%2BkNQYEuinYPZg%2FBP748F2d9R6%2FED3Im1tYEUvP89brGq0JpbQKToRucQsIOSABQXRQWpUfDpR3a78fGehKhlCXideLmWfEcvMM9wdT3RdX5kKor%2F3Bx4QXBcQjaaRK4fDF8MUt2FqVNRScyt0JGalRhVmRvbj8zVdPxWK6o%2FiZ8qerNglxDCcnXU1QW5s88OvxEbj9a2BXvaDqH%2B9uiouCCGRgZRcqUvtXamXo3uk3lRceiB8OwtO9wZbawlK%2FqRKk3VywwKY3j%2FdKBEgmbjtcfEspvoTs1gE52yxhRaJsXEe7uywheDPuC7W9MJILCODPyYzXGwGmHnFIp%2FXYF8NwIHreCkZGo7xLn7K%2FY9xJ0K%2BttVx%2BAy%2F7jdyJG7YtVJ8uGTupYqwHSMYuD1bIxl3VzQ1wWq73QquiDzLj6C2MZIn%2FTcyXncNYHbzkuRpHpsBoCMLc4bPOzTKRJqzJAXdyXl8vqIi1tMrduAZrMllZGJ6n8833MAcPiKdmHSGFgf1a%2FO4j2l0zb9MzGae6y%2FvoeBpxTsRddwox%2BiH5z3Yg5VPzdSI%2FJ6r1RcpAJC1af2RkDR3O%2Bms2zI50ZWGUZTwNoH7InEBqHGLcqMByRECkDZbOXM%2FAv%2FZ2UBJX04yWWFNW8DaJJCBd8ZltFppbDx5v1%2Bbyrx07%2FjU8OINyOyGUJwcDOT%2BfPFYCvABGGkaRNANM83HhjvIRMnhnL0FL4NqOjqsd0AuKRTOL0NYdxrAAWb0%2BuHzCbjY2GZDwmbSnR%2F0E8rv6JyUVVT8o8XKRF6tJuXZcOya6V5NJi0WDQKha2v9KKfYSAEGcIwsQfunqewPGraFa3uGpn42P0yJfhZZCks3OHyqCcMQNcSNEU91bWs4EbwMHDQaIq7SKaYHXA3i%2FRs&highlight=false&pdp_filters=shipping%3Afulfillment&headerTopBrand=false#polycard_client=search-nordic&tracking_id=b024ac7e-d5db-4e8d-81fd-c677cc7455d6&wid=MLM3675837346&sid=search
Fregadero Tarja Sobreponer 1 Tina Lado Izquierdo Escurridor Color Plateado,"$1,138",https://click1.mercadolibre.com.mx/mclics/clicks/external/MLM/count?a=S%2Bn7%2FyhFQgIoLN9A7BLzyWiH5t%2BgK2KOxktOr3GIELTun16mu7%2BIgAzKzHSRDhD%2BlSLD0sSGfWqNL7d2I5G4kZqzNBirieWgLsAxT2Dk6GOEHEnHqArU2Cm1BByy69FydT4lnGdIt3pxWe46bUiyaaE5MXjOnebBwwX1YzyQa4yOmSTh65H3gt4gPCRXDpdP0cNCzRJEkdJXMzkLyI4a9hXx2bpZ3d1McXp9%2FD9c3mD%2FlfJqx5L8PgwSPjCCD2hBNX2bn%2BOuOJiMbHGsbCkeORKPreOjl3dsHgK4zb2wJHl3tXt8Vbd97WomALNfuBRR0oe2dE4EiG7C05bej0duuX7EJWcOA4j6F5TaRivwj%2BWbsSUkCu%2BbCWknpzYEvo%2Ft8DOiuP9F1YslOBpYe1f06Uz2HKTmzYeWJkiUUwjLj98wh5Xv9Da0kafr1p%2FoHqX39wf5Xd0M1LoumgWKxnkxPmJFlRFrX%2FGIWhB6kbgJ7qssZ84iktjt3RVrYzzyNqarq6LZRaEzUlnTjasLcgU2IZNMyKityysN3LUa7j6EA%2FxNA7vJQLMeUfnMxt7Ob9CRHlp5asWPmdsVtGTb%2FnfCKP2HD5Dr2Ga1%2F82GsQEKC67Nq9na705XgLO3Bkd1i0a5kQOqU9dz2RFLI%2BiiggN7f3TGSvkwq9z6gxWuXVrVa7SJjjxelPDaqyx3ZeQiYy2aH22mqVFVy1goqRXvKneI%2FlR%2BKHwB3YRt1j3u9O6VmcU4KjnrmRWsbjtHCetgwZ8wcRDy01yqsMqIZnT8C8OJZvWULwnMsBi5DrxM6IrIFY5akgjgNB%2BU%2FUwhTXw8A74V7wHuoWJc%2FET2TW2RMfSSFJNlt8KMI%2BHcCp2F64NGh0DxhFjK2yOS6EC%2FV%2Fi6U7vH8K11Isct2weL6Q5lu6YPla98SyyDldp1q9vEVsnKms1d9u3F%2FGAeQHAqGWl7UDgdFPKuHWKgDKkC4sbpK%2FjVwai7S3Q4CORuN8Bbw5o0FXllZuPjyTYj0lGe7PuXONdi3J1zPYcf8v3Iml2PuQ1X0Ow9xM%2ByjDrIjV44VvodvinG%2FDBHjxceb5N1XE8%3D&highlight=true&pdp_filters=shipping%3Afulfillment&headerTopBrand=true#polycard_client=search-nordic&tracking_id=b024ac7e-d5db-4e8d-81fd-c677cc7455d6&wid=MLM2064504325&sid=search
Tarja Fregadero De Cocina Acero Inoxidable Organizador 80*45,"$2,099",https://click1.mercadolibre.com.mx/mclics/clicks/external/MLM/count?a=cSA0UJvmCf%2F3DhtF3T4oAnFHAJwO0atMMiOLeoquWWk3FYn7EyHOKjvAwWcMHwbA%2Fq81dg9mLUaUaZt%2FoVAPooMkWCl1tjDvRudSHGigyeMvnc5Dm8dudMrr%2B5UU5nAmUH9DvUiX473t2RNyIzJ4aXyrNY%2F0pdPNXZZGWy8DvS1W%2FCxuGT19lMyIf2JrIozVV5tRbaP2kthaKD7YRr%2FDNto%2B%2Bf7AyOiyC1zSjzSmh8QKX0ogoqdBgSH9m0QKfL11SEE1YPBiuNwCNKbRxp%2F%2BcYmcd8ZTZFXCFWCXmfI3aq7YjnedexkCYu1ilLDzb2uHiQJGlbYVGPBPUMXiHuRdHfLQCtZ9x0n4LkRSJuJ6lYLgGYQ8oWNgKjsBv8KqC7J5JKL3%2BbUiC3eTqtmXYZygSxOEZOwelmo8B5lnwcOG4XrLCqLF8II9EcQa%2FAjlqTd%2Baa4wfmno4jl49b0%2B2bqP20T63VgxItHylYyL45dUDSNhKT6Gi8vv9Sv2Xmvp8iEtKJX88D3ExQquTvOYKp1tU8lMH7BpDclbP2Aod3n2lxLtIOMX1f2XNk4r8JN7U3MQ9uhOqkO6ECaCH38p539sNWBsNd1tMuug4UwFb%2F3SthSH7BvQq%2FBF8LbnsTwWuVhjl%2FKNSSRg%2BPvhZIxW%2BA0h6sMTZhy4%2FLCg0%2F8yDa25KKPaiVZM8oQZc6oYKSWwZmC4TtvoHnNvjGyhNtPX0tWCovJqP%2BojjjTMoCVi%2FY%2Fk7l7llDzvWvMRW3YOEpBcKA7do9dUrNxVCbN%2F%2FdZvtE6YrRiu6YnHLzChPpIYGlqOy3u2cdxK3q9QgxDwY%2FBzdEzAZMQOG%2Bf%2B2P6mktUF%2FfsrIVbc%2B7MKpQhnxUaia6yyorjC%2FcwUXJDMk6pS3tJuTpGdkuL9daeImjkaMk4xXMm3kYsfwNODq0KUVwmT9li55TNbZsBt3W7ZCnECeAJVO4IK2kn7a5YB%2Bzm%2FqZhdacAGCq5CGwPxkRKJHdUh4CVIssJaaTKBbJoU2SsUms%2ByNQ%2Fu3rsJgA0XEfHtmuMg8V%2FzRfYuga54mxuFyVwDQSb2&highlight=false&pdp_filters=shipping%3Afulfillment&headerTopBrand=false#polycard_client=search-nordic&tracking_id=b024ac7e-d5db-4e8d-81fd-c677cc7455d6&wid=MLM3699276358&sid=search
Fregadero De Organizadores Cocina Tarja De Acero Inoxidable Bokoptyr 80*45*22cm Duradero elegante y de alta gama Adecuado para múltiples escenarios gris oscuro,"$2,159",https://www.mercadolibre.com.mx/fregadero-de-organizadores-cocina-tarja-de-acero-inoxidable-bokoptyr-804522cm-duradero-elegante-y-de-alta-gama-adecuado-para-multiples-escenarios-gris-oscuro/p/MLM38296437?pdp_filters=shipping%3Afulfillment&searchVariation=MLM38296437&highlight=true&headerTopBrand=false#polycard_client=search-nordic&searchVariation=MLM38296437&wid=MLM2108714681&position=9&search_layout=grid&type=product&tracking_id=b024ac7e-d5db-4e8d-81fd-c677cc7455d6&sid=search
Fregadero Cocina Cascada Tarja Acero Inoxidable Organizador 80*45.22cm Bokoptyr Tres Modos De Chorro De Agua Aplicación De Múltiples Escenarios Accesorios Completos,"$2,589",https://www.mercadolibre.com.mx/fregadero-cocina-cascada-tarja-acero-inoxidable-organizador-804522cm-bokoptyr-tres-modos-de-chorro-de-agua-aplicacion-de-multiples-escenarios-accesorios-completos/p/MLM48470047?pdp_filters=shipping%3Afulfillment&searchVariation=MLM48470047&highlight=true&headerTopBrand=false#polycard_client=search-nordic&searchVariation=MLM48470047&wid=MLM2294917389&position=14&search_layout=grid&type=product&tracking_id=b024ac7e-d5db-4e8d-81fd-c677cc7455d6&sid=search
Tarja Fregadero De Cocina Cascada Acero 304 Inoxidable 80*45,"$1,997",https://articulo.mercadolibre.com.mx/MLM-2190300897-tarja-fregadero-de-cocina-cascada-acero-304-inoxidable-8045-_JM?searchVariation=182292386492&vip_filters=shipping%3Afulfillment&highlight=true&pdp_filters=shipping%3Afulfillment&headerTopBrand=false#polycard_client=search-nordic&searchVariation=182292386492&backend_model=search-backend&position=24&search_layout=grid&type=item&tracking_id=b024ac7e-d5db-4e8d-81fd-c677cc7455d6
Fregadero De Cocina Tarja Doble Acero Inoxidable Organizador Bokoptyr 80*45*22cm Aplicación De Múltiples Escenarios Gris Oscuro Resistente Al Aceite Y La Suciedad,"$1,973",https://www.mercadolibre.com.mx/fregadero-de-cocina-tarja-doble-acero-inoxidable-organizador-bokoptyr-804522cm-aplicacion-de-multiples-escenarios-gris-oscuro-resistente-al-aceite-y-la-suciedad/p/MLM49916436?pdp_filters=shipping%3Afulfillment&searchVariation=MLM49916436&highlight=true&headerTopBrand=false#polycard_client=search-nordic&searchVariation=MLM49916436&wid=MLM2309759071&position=23&search_layout=grid&type=product&tracking_id=b024ac7e-d5db-4e8d-81fd-c677cc7455d6&sid=search
Fregadero Una Tarja Con Maneral Izquierdo Acero Inoxidable Mindejal,"$3,167",https://www.mercadolibre.com.mx/fregadero-una-tarja-con-maneral-izquierdo-acero-inoxidable-mindejal/p/MLM43174369?pdp_filters=shipping%3Afulfillment&searchVariation=MLM43174369&highlight=true&headerTopBrand=true#polycard_client=search-nordic&searchVariation=MLM43174369&wid=MLM3463257306&position=17&search_layout=grid&type=product&tracking_id=b024ac7e-d5db-4e8d-81fd-c677cc7455d6&sid=search
Tarja Acero Inoxidable Fregadero Para Cocina Con Grifo 80x45 Color Negro,"$1,965",https://www.mercadolibre.com.mx/tarja-acero-inoxidable-fregadero-para-cocina-con-grifo-80x45-color-negro/p/MLM44980783?pdp_filters=shipping%3Afulfillment&searchVariation=MLM44980783&highlight=false&headerTopBrand=false#polycard_client=search-nordic&searchVariation=MLM44980783&wid=MLM3712708392&position=15&search_layout=grid&type=product&tracking_id=b024ac7e-d5db-4e8d-81fd-c677cc7455d6&sid=search
Tarja Fregadero De Cocina Cascada Acero 304 Inoxidable 80*45,"$1,997",https://click1.mercadolibre.com.mx/mclics/clicks/external/MLM/count?a=mwSxfZxPew1iCw2SHUmYpTnmR3ALP%2BOA71UWVAfuPYMSARJqs3hJSMXCSySrjIsppTwTVPlr6P70Xw8kEozy3CPoWX%2F4y88LEBarDuEbYd6YAdJ61r%2F%2Ff4jY%2FdyX0reOzy4H%2BJdwt7e6Xy%2FjCcQVyWmuAy1WMRTgPd%2BJ9JqpehkrzrRW1JBkon%2B589SQwBISS4kMgyNXpGrWeOPpZsGYQPTbHRjkaAZ9VD7KsTxHlF9dryAlnBLsazTtrMSoHaxJILQUXT9FeGhF61m6FXtYr4Y9RmabFU%2Bn5ifZHm%2FKAjHyE7ZDBFO0ghC11piGWBnvZ1wK19rkMX4BTffavHmtT1i7ukNlpeA1X2SYTNXk%2B36P0ErO7rAGR8jHIPRCyoBIOZEP%2Bam40JlOk2AG0MmIqNpV1UrYj6R5Zi4ujKzPKj1jNU9NJWU%2F4baCAZF41SUfq63cLu%2FMMKfU6J6Yhagiameek%2BvBushhH5lu9ThQ7WfQMcZGMTPxfECKxyWEMx719Y7kemZk3m%2FzgnzzTQP7qPwexu5Jzph%2FZGRzme9J2xWRS%2FOPmInFj5w9xSJ%2FJ0kQdZC6iqdd36%2FdfuDgjzLINIvpV1DuanEFKCX1lyzSZkyXj5XcKPDF71OpEqU2zXARuiZwwYYO%2BYTsRZt17ya8EN82pz40qh5j9ed7i0NROqNuGzTiGTtylV2qwm8jUb8chaDVb4%2FyaVKu1N%2Bn4Lb7PDaNiNJuFK1nwjImz%2B5g1JaEA5ij%2BaZv9o7%2B339vW%2BgZkCe97VWv9mEX3HjlPka%2B9tZ%2BULiani03FmxiBU2d4QJSMfb0mpjxgVh5Z3VivW0Z%2F4tECqfpfj7Q1qG3qETEIFcYLydUXEzaILhjf1WgETeOT7fjicCpsj2jMdOG754D6vF3esQ02eyE53XF5zs1ZYONqqY8%2FG%2FLpluyAdPBQLOxmKpMKPgL4kq0k6XwK3mXP%2BpJMg%3D%3D&searchVariation=182292386492&highlight=true&pdp_filters=shipping%3Afulfillment&headerTopBrand=false#polycard_client=search-nordic&tracking_id=b024ac7e-d5db-4e8d-81fd-c677cc7455d6
80*45 Fregadero De Organizadores Cocina De Acero Inoxidable,"$1,941",https://click1.mercadolibre.com.mx/mclics/clicks/external/MLM/count?a=vNi5Cd52zrrtd7QCHsCpnGF1%2FynC1WwRtzZ96ysn0wDMKSx3lmVgZL%2BNKkkI%2Bo2ja7F764%2Fj%2BYKF5J5fIP%2FUOA4Yz4jvurMLomQwA2tcHZqsWAjxIyAH4x9SsvaSEmQqPbIuKxHzmMUX%2FJJi0vZjVgvlYxij%2FXaAElGlBpz%2FnEUr7i9buEWvlBBbUFJnPD2dTBKdn9FJ7Kk22SHuehWvKFswVx4syruqbqoVdqvjBSwRfsmnfTkPh4RO%2FxDTE%2Fu%2BI4a1U6Ze1p%2BGxLri%2BHeNK87%2BR8yZQq2cCcKU8AexCJTQldXYhofJ0EgxdtbPeAf%2B2HbTRd2b%2BISrw9uQMuvmELCwkXUCaFm7f%2B39hiMQc%2FsxgDsbyIFAkpOna9WunV3zCSgbyaNfydmP33qaINGSqj9DYWMV%2Ft%2F6WyPdDAKaBvaGiCu3UXr0XGrFb8Vrl9DBBMjodONzIYVY0wjDGvKvOaDY0QuZ0ezxSxpcdtlYkhLrETZ6efXr9A8AW%2Fs0Y3vERZP8DSaPSWU9xS49C%2BFDbnW%2Ba2dDeX8jPLSugT6aiFwrWQLjoiTc42xVxlcebAKpUVfzrB%2FH2mozQG5rCqUv9VkgQTl24KKEzuV35b6ciCUwYsFyxKp1iBHChnNnFiPH341XEiBBW6D7ads7kjJkJlsjFUAUwDtZhELDCfUSck3nKDQ8ziwfDsys62D377kmWI0SXwZ4wii%2F2V9HLfAwRqi3NxmPU%2F7unc3ypTMNirzhv%2BdEvDh%2BfSmU7b9YK6MEgwEjZfD3Gr1PBcpR8zgcN0YI0kOBbzZ1uc%2FMbkw976ZIDpfC1WsgBSymlPe5EBFhkh7IkhEq9g8TRg9h3L7AKNKI0DEaqCKaEFMUiZ8aF8g%3D&highlight=false&pdp_filters=shipping%3Afulfillment&headerTopBrand=false#polycard_client=search-nordic&tracking_id=b024ac7e-d5db-4e8d-81fd-c677cc7455d6
8045 Led Fregadero De Cocina Tarja Cascadas Acero Inoxidable,"$2,744",https://click1.mercadolibre.com.mx/mclics/clicks/external/MLM/count?a=igC3RladvPyE1DIsWVM2iOMj0gIYZD4pAKR6E1%2B1ngjXdkXbIP1vjB7HsNn781LyEJeUMXckK3UmDm0CjIw8qZuNX7J%2FtL1sDG6XS5ScWdnzwMenkQ8TU1DecYo4kYYxS0nw9TQopqWr4kdgPPLAP9QYaIYteAymZOo%2BltAxjjoP%2B8meqGw1U%2BYgwwpQ7WM8isZURKufizYq7uuOXm%2FDnTXvrHoJhtGpUsc2BZbLhEOFmG7acSaWsN5%2FkGgp7Y5tHdtJdRYlGTkstjumz9wRJ%2FwUZwJK2Ax2gc7LttUlVyT%2FlG8hR272PRTnslh3Z03p4%2FlT5OD4QmTbKomd7nAoSGcKMaVzQRC%2Bn0voIla%2F7jpNTNG%2BTbDsHITFJSfuLxCcZ2FAbRe0HZWaLh8cZRPezH8wYfZMX1TaRJHZ2iSN3%2Fe7mDlMeYp6TM7Mquc%2FvUp5MwDDKvYwiXT9nWbRuvTnpcqDwIu0Vq327EqqkFMACCY0cDZcIMqv687TFDfbOkpprXz5O0R6onpnWHD0pXJEF6WqMFAeZZ3OHVF23Gyz65rHfGLWrAeKJJ4l69RMtf1YhAi8Orr%2FKVSxXkYQZDn%2B5ZiXfd1l7VEEKTC4WJhqbLF15%2FR%2BXH%2Fa2ftXj8YeKJ1t5Z3OQRm1lNFNJUzRLDKVRTJafbrQXkorEr0YuDXRc%2Fx%2FEPH60T9jypOFKP3m%2BCiQcKY1qu3I4uynXa%2FBf7nj48veEmrHj1LInXyKkatiPIG9ZFwgU4%2FKuXb9DaoXZgXu%2F2OGQ8Q0mSuRwFWAZzvAtbRO3V%2B5igWJ3TgLpd%2B5v0i9ov4QFBTlQqEfj3Q548Jrtdvc21M7FNz4VE1wjx9vSUGTLJtJNwFtQGNZH7MDoCI2Od5NIJ0mccqxMgJaKnbJolp2HgnriHsE2uGLILUD58yQRCdGJ8N9nLrY6v1GhfwPP%2FFskKzeE6sfbE%2BTqHaG3AV1Ozo%3D&searchVariation=181161129023&highlight=false&pdp_filters=shipping%3Afulfillment&headerTopBrand=false#polycard_client=search-nordic&tracking_id=b024ac7e-d5db-4e8d-81fd-c677cc7455d6
Fregadero De Cocina Tarja Doble Acero Inoxidable Organizador Bokoptyr 80*45*22cm Aplicación De Múltiples Escenarios Plateado Resistente al aceite y la suciedad,"$1,854",https://www.mercadolibre.com.mx/fregadero-de-cocina-tarja-doble-acero-inoxidable-organizador-bokoptyr-804522cm-aplicacion-de-multiples-escenarios-plateado-resistente-al-aceite-y-la-suciedad/p/MLM49990416?pdp_filters=shipping%3Afulfillment&searchVariation=MLM49990416&highlight=true&headerTopBrand=false#polycard_client=search-nordic&searchVariation=MLM49990416&wid=MLM3705530762&position=18&search_layout=grid&type=product&tracking_id=b024ac7e-d5db-4e8d-81fd-c677cc7455d6&sid=search
Fregadero De Cocina Tarja Doble Acero Inoxidable Organizador Fregadero Tarjas 80*45*22cm Aplicación De Múltiples Escenarios 304 Acero Inoxidable,"$2,483",https://www.mercadolibre.com.mx/fregadero-de-cocina-tarja-doble-acero-inoxidable-organizador-fregadero-tarjas-804522cm-aplicacion-de-multiples-escenarios-304-acero-inoxidable/p/MLM46497653?pdp_filters=shipping%3Afulfillment&searchVariation=MLM46497653&highlight=false&headerTopBrand=false#polycard_client=search-nordic&searchVariation=MLM46497653&wid=MLM3580270162&position=6&search_layout=grid&type=product&tracking_id=b024ac7e-d5db-4e8d-81fd-c677cc7455d6&sid=search
"Fregadero de cocina Tarja 80 x 45 x 22cm Cascada Acero Inoxidable 304, Con luces LED, teclas de piano, dirección de flujo de cascada ajustable, Antiarañazos los Colores no Destiñen, Negro","$2,637",https://www.mercadolibre.com.mx/fregadero-de-cocina-tarja-80-x-45-x-22cm-cascada-acero-inoxidable-304-con-luces-led-teclas-de-piano-direccion-de-flujo-de-cascada-ajustable-antiaranazos-los-colores-no-destinen-negro/p/MLM50505867?pdp_filters=shipping%3Afulfillment&searchVariation=MLM50505867&highlight=false&headerTopBrand=false#polycard_client=search-nordic&searchVariation=MLM50505867&wid=MLM2323257501&position=16&search_layout=grid&type=product&tracking_id=b024ac7e-d5db-4e8d-81fd-c677cc7455d6&sid=search
Fregadero Tarja Acero Inoxidable Tina Grande + Escurridor Color Plateado,"$2,899",https://www.mercadolibre.com.mx/fregadero-tarja-acero-inoxidable-tina-grande-escurridor-color-plateado/p/MLM31758481?pdp_filters=shipping%3Afulfillment&searchVariation=MLM31758481&highlight=false&headerTopBrand=true#polycard_client=search-nordic&searchVariation=MLM31758481&wid=MLM2070064697&position=22&search_layout=grid&type=product&tracking_id=b024ac7e-d5db-4e8d-81fd-c677cc7455d6&sid=search
"Estante De Cocina,fregadero De Cocina,tarja De Cocina","$2,144",https://articulo.mercadolibre.com.mx/MLM-3291425324-estante-de-cocinafregadero-de-cocinatarja-de-cocina-_JM?searchVariation=181284106612&vip_filters=shipping%3Afulfillment&highlight=false&pdp_filters=shipping%3Afulfillment&headerTopBrand=false#polycard_client=search-nordic&searchVariation=181284106612&position=25&search_layout=grid&type=item&tracking_id=b024ac7e-d5db-4e8d-81fd-c677cc7455d6
Tarja Fregadero De Cocina Cascada Acero Inoxidable Foowei 80*45*22 Cm,"$2,319",https://www.mercadolibre.com.mx/tarja-fregadero-de-cocina-cascada-acero-inoxidable-foowei-804522-cm/p/MLM46690359?pdp_filters=shipping%3Afulfillment&searchVariation=MLM46690359&highlight=false&headerTopBrand=false#polycard_client=search-nordic&searchVariation=MLM46690359&wid=MLM3593327242&position=7&search_layout=grid&type=product&tracking_id=b024ac7e-d5db-4e8d-81fd-c677cc7455d6&sid=search
Fregadero De Cocina Tarja Doble Cubeta Acero Inoxidable Kit,"$2,048",https://click1.mercadolibre.com.mx/mclics/clicks/external/MLM/count?a=gIevNBjDsiLPw%2BJcdoGvZszyCWU8Wi9EIQaH54LOrrgshnhslM0nc%2B7VMs5RHdEQJlt5F3ifnwROeGgr6nPuIWbxtImnG2lSJeAL5YOARRjHn%2FznH6Zc6cuiXtqR77IfwYfNXq%2BcT0xJnEXaXUgLTrJlhh2T7p4UMBbFAY0IZWTxYc7DUQRF%2F1Zmv0iC8bHHV3miGDEoPfuRIdQKdoyK7U3COUQB2j%2FzSRvzpnroQECHBA9h3OgPxwgljOTgtmIszujYi7ZWJiBrlcspYh9vOs3zVOWy4CmT%2BuhZFD3XZkQVSX4MhXmArMyrK1Dts%2BBlMc73RdcPHZ9KdR39ohYH1aDrj%2FnMh3iMQqgtnu%2BTo0G4TrzXGelWqpOEdhsjylaIOWjNnoRfvG3EJJwD0Zmk3Dx8hHxPJ7bPr1mvKUE94Z6LtvFjlnnzhip0oyhWfKL3sVwRjwbW6452fZbDiOLZIeKFD3SODkGSMdBIG46djEgUBa5xChnPxklVC5owELEmnpRtin8nsKsPZs%2FCKhZdJt20xSI4KZsUEq1O7y7N%2BXpz33OWLa11JdIEKtaCzmu9h391hWNG%2FC6JchP4hJsfoYBeLU69LEl5wdr1asWVpw96BPDLtTqCHWMRP6eQw6QksHUBvNT%2FTNF9fT9hDT%2Ba26izcBeEQDSMohBQ3laPC02bZHoR7pt7A%2F8Peagpukqn%2B0bfVE%2FqRLOEQjf%2BmmHi1sAaRqLrcpQgMRiOsrdnybIVL7QeGukhUlKG3%2FnmF8xmLR3JOYdzOaL5xlQvgW8he8XjVjfmJ%2BZK%2FMTqz8TWaAKF%2FkOq9X9NRDMOYmnmVdXnKGdhFuXnI245JD8JM%2FOtZrwzqn00bZ9UhQloEhsocC6P%2BZrQSu2GSfL03d8Xvis6WyMIrSjjAJq77TVFzPoeJALSTcJi8lSneZOREvjNLWSklJSe%2BdO%2BHji6D3B0YkynrUQf&searchVariation=187770037677&highlight=false&pdp_filters=shipping%3Afulfillment&headerTopBrand=false#polycard_client=search-nordic&tracking_id=b024ac7e-d5db-4e8d-81fd-c677cc7455d6
80x45 Tarja Fregadero De Cocina Cascada 304 Acero Inoxidable,"$2,249",https://click1.mercadolibre.com.mx/mclics/clicks/external/MLM/count?a=aq%2BYQg%2BXT8x7vF8Y9bWxL0KtMAdS%2FvGcspTynRtlxesu5UTeLhFZGghCudn0CUYFOUFpSit8Jv8uPKj3j043%2Fmao67nlbTlSsYg0drjfTr%2BWjc4NdMWXppPuBQTX1ECPjlkriDuS8gcE6JlXuuhPg2zMWo65kOGA0ofrjznJjnNYEI9i9eyVXlD8nzUjXkOqTnFaKkeD3HKDFR94cuwU1FfhEpfrKP9gWpLVY836vsUiBYirIQCWt28%2FJxPn98xMxKQQzk3FBN9qxy65WcBz9sDUoOcr0%2FSaC93oQ9ZTr3cumoITpKDhIUhjZVCkwHAe682nqMt%2B9tvPSGJ67GOOnMRsfyxAvQhhtz5g9wSEqsfE8VcXTRAC7rj2xW3r75THRXHndWJe6AwmVJNSP5kCcxOkoPZD%2FLty43gIgNc1uGEBpBdHWrYvp6rFcBJecFfyfsa3WHUNsJC5Wo0vosaH1F4IyA5nluEfTtAMZQyeIPS3uWpjdl65o65BcIIkhv4JFttkGcS0XaxiyLpYRPLxlE0gvodLD9h4dtHuv6ypbDrJ%2Fqv50E4StRmJBuDIDR9QpRp%2F0LOD3bUsWs%2B%2FzW0qrgPi9MRq8XvttVOd3JzMpmhkV7R1A3LDlQ5L%2BJCl5XxenVi%2BYklAYD8sZnXVu8vf3%2FSP8hqEUFXLcgohayWJtqIbhcqgR55qOuFKXhM5HXSyQa%2FDqZ8xO3lQqFopx3eFP19FH%2B6sheQp78jh3cn%2F%2BbRrTRhzelOmqJhIUOf%2BeARuWEfzYSQgHUd2qvIFIvd5K7m2hPPzBQzfcIEQVYvPchCJmAtVr5fak71t8QjU6voCw%2FDxyIXmloUv%2BVYpQMzpBaD5o0KuIyBt87yWXPZ%2FAUGJWcmgeDrpQkd2Yp4kR1M053xpX3vHsXkaRTLhel3IXFXsIlzc0970ijLN2%2BR1BP7FxjceruQbAJ8UhZ87Hg3Idx61YLU%3D&searchVariation=183611421175&highlight=false&pdp_filters=shipping%3Afulfillment&headerTopBrand=false#polycard_client=search-nordic&tracking_id=b024ac7e-d5db-4e8d-81fd-c677cc7455d6
Fregadero De Cocina Con Accesorios De Acero Inoxidabl 80x45,"$1,966",https://click1.mercadolibre.com.mx/mclics/clicks/external/MLM/count?a=Pm7gzFcD5nQ6%2FbDrK0aQlD%2FxLN%2B%2FZeVenzNmklsJnEpbMkCNrWNKtlTc816MI7jOJ0wJBOtwXBBMWmtI3r7XHCDZSnwokG%2FYFeGAzzBo4ft30IFR%2FzzErNECpfWbsURjyyFhnUjMRu68FM0gDUEt1o39jO5FBguTpmqsmv%2Fdx0MuxdWhwcf8d8dhqGQxT%2Bq%2B3wx%2BkKp%2B7B2jpNcRWXxewBA985tT7GRgujlAv2IaebR3UgxjtchBM1z7CIvywgGfBP8FcE2mOloojOnuUff3E0Mty9gTANbU%2FWjmu7XGjD5S%2BbRSZV60LjqkHZT4nzFZnOMS91vYl4JxgkukS7Mp1dP3JiJ6Hr6L9fmBM2tHuPpX1Aite26jQ37y7CK9iIGSGW40ggmXyPsqPydbTaglAul%2BSQoq%2BDBBOiOe%2BbUl1vL9J5OU4%2BHECh5KUEfVOMR2NS3V2BNJs85k6bd1oH2OzDKY4VwZs82%2BBRy9%2BHBaVkzhTjUFsdaGst1q8bC8JFALZRhdntKmKPdDKKaIX5pOij8JdvQRFOBEp3WTV6ROxeJwUEbPOSGtcjJHeNp3dWE82qjn6X%2Fuanqg31nWa%2Fr8EPeRmPe4qRDK1iscovTQ4BU9j3yrh9HVrCscUXKr4WyoobJLd5SWAm1W6%2F4M8VfTWvL8goHL0cEerraT%2BIa8Sz%2FU40YcSUmYBSJasMrk%2FvHuJVp%2F4ZMWJwnjFo1I05kZpt2Hii3ORAg7vm1Zy01oyX1cZ3uLLGiDL82C0Tq1LcAJpTzLYcdg5XOXbpNk9vmu6HmR2g721GnRHoTYx4D%2FUIfRZELdMJTwwIGvubqbudrDiYqNrvK06zLQcbX%2BFSEjmuia3QHLS%2BQMn2zao4bmpEMrqHUf1UT28ODRQ%2BAJ63ZvW20qPoBqfJf0dh3voiwBLwt94sJfF3oy%2FcZYkHkSZDPBoHBF8x6YwQVYeKU3FQL9qhn4Tg%3D%3D&searchVariation=186986198445&highlight=false&pdp_filters=shipping%3Afulfillment&headerTopBrand=false#polycard_client=search-nordic&tracking_id=b024ac7e-d5db-4e8d-81fd-c677cc7455d6
Fregadero De Cocina Universal De Acero Inoxidable 304 80*45,"$1,709",https://articulo.mercadolibre.com.mx/MLM-3638548894-fregadero-de-cocina-universal-de-acero-inoxidable-304-8045-_JM?searchVariation=183358724484&vip_filters=shipping%3Afulfillment&highlight=false&pdp_filters=shipping%3Afulfillment&headerTopBrand=false#polycard_client=search-nordic&searchVariation=183358724484&position=26&search_layout=grid&type=item&tracking_id=b024ac7e-d5db-4e8d-81fd-c677cc7455d6
Tarja Fregadero De Cocina Cascada Acero Inoxidable 304 80*45,"$2,388",https://articulo.mercadolibre.com.mx/MLM-3465831270-tarja-fregadero-de-cocina-cascada-acero-inoxidable-304-8045-_JM?searchVariation=182250492630&vip_filters=shipping%3Afulfillment&highlight=true&pdp_filters=shipping%3Afulfillment&headerTopBrand=false#polycard_client=search-nordic&searchVariation=182250492630&position=27&search_layout=grid&type=item&tracking_id=b024ac7e-d5db-4e8d-81fd-c677cc7455d6
Tarja Fregadero 304 Cocina Acero Inoxidable Con Grifo 80x45,"$1,996",https://articulo.mercadolibre.com.mx/MLM-1968121619-tarja-fregadero-304-cocina-acero-inoxidable-con-grifo-80x45-_JM?searchVariation=180374272877&vip_filters=shipping%3Afulfillment&highlight=true&pdp_filters=shipping%3Afulfillment&headerTopBrand=false#polycard_client=search-nordic&searchVariation=180374272877&position=28&search_layout=grid&type=item&tracking_id=b024ac7e-d5db-4e8d-81fd-c677cc7455d6
Tarja Fregadero De Cocina 304 Acero Inox 80*45cm+ Kit Cocina,"$2,489",https://articulo.mercadolibre.com.mx/MLM-3511695014-tarja-fregadero-de-cocina-304-acero-inox-8045cm-kit-cocina-_JM?searchVariation=186537925401&vip_filters=shipping%3Afulfillment&highlight=true&pdp_filters=shipping%3Afulfillment&headerTopBrand=false#polycard_client=search-nordic&searchVariation=186537925401&position=29&search_layout=grid&type=item&tracking_id=b024ac7e-d5db-4e8d-81fd-c677cc7455d6
Tarja Fregadero De Cocina 304 Acero Inox 80*45cm+ Kit Cocina,"$2,498",https://articulo.mercadolibre.com.mx/MLM-3512112804-tarja-fregadero-de-cocina-304-acero-inox-8045cm-kit-cocina-_JM?searchVariation=182613934418&vip_filters=shipping%3Afulfillment&highlight=true&pdp_filters=shipping%3Afulfillment&headerTopBrand=false#polycard_client=search-nordic&searchVariation=182613934418&position=30&search_layout=grid&type=item&tracking_id=b024ac7e-d5db-4e8d-81fd-c677cc7455d6
Tarja Acero Inoxidable Fregadero Para Cocina Con Grifo 80x45 Fregadero DuoMai Color Negro,"$2,447",https://www.mercadolibre.com.mx/tarja-acero-inoxidable-fregadero-para-cocina-con-grifo-80x45-fregadero-duomai-color-negro/p/MLM50514697?pdp_filters=shipping%3Afulfillment&searchVariation=MLM50514697&highlight=false&headerTopBrand=false#polycard_client=search-nordic&searchVariation=MLM50514697&wid=MLM3711405114&position=13&search_layout=grid&type=product&tracking_id=b024ac7e-d5db-4e8d-81fd-c677cc7455d6&sid=search
Fregadero De Cocina De Acero Inoxidable Con Accesorios 80x45,"$2,352",https://articulo.mercadolibre.com.mx/MLM-3462961138-fregadero-de-cocina-de-acero-inoxidable-con-accesorios-80x45-_JM?searchVariation=186057541761&vip_filters=shipping%3Afulfillment&highlight=false&pdp_filters=shipping%3Afulfillment&headerTopBrand=false#polycard_client=search-nordic&searchVariation=186057541761&position=31&search_layout=grid&type=item&tracking_id=b024ac7e-d5db-4e8d-81fd-c677cc7455d6
Fregadero De Cocina Digital De Acero Inoxidable 80x45 Cm,"$2,144",https://articulo.mercadolibre.com.mx/MLM-2110722433-fregadero-de-cocina-digital-de-acero-inoxidable-80x45-cm-_JM?searchVariation=183985668913&vip_filters=shipping%3Afulfillment&highlight=false&pdp_filters=shipping%3Afulfillment&headerTopBrand=false#polycard_client=search-nordic&searchVariation=183985668913&position=32&search_layout=grid&type=item&tracking_id=b024ac7e-d5db-4e8d-81fd-c677cc7455d6
Fregadero De Cocina Acero Inoxidable Tarja Cascada,"$2,476",https://www.mercadolibre.com.mx/fregadero-de-cocina-acero-inoxidable-tarja-cascada/p/MLM47339457?pdp_filters=shipping%3Afulfillment&searchVariation=MLM47339457&highlight=false&headerTopBrand=true#polycard_client=search-nordic&searchVariation=MLM47339457&wid=MLM3603767958&position=8&search_layout=grid&type=product&tracking_id=b024ac7e-d5db-4e8d-81fd-c677cc7455d6&sid=search
Fregadero Tarja Sobreponer 1 Tina Lado Izquierdo Escurridor Color Plateado,"$1,138",https://www.mercadolibre.com.mx/fregadero-tarja-sobreponer-1-tina-lado-izquierdo-escurridor-color-plateado/p/MLM26185571?pdp_filters=shipping%3Afulfillment&searchVariation=MLM26185571&highlight=true&headerTopBrand=true#polycard_client=search-nordic&searchVariation=MLM26185571&backend_model=search-backend&wid=MLM2064504325&position=5&search_layout=grid&type=product&tracking_id=b024ac7e-d5db-4e8d-81fd-c677cc7455d6&sid=search
Tarja Acero Inoxidable Para Cocina Fregadero Tarjas 80*45cm,"$2,080",https://articulo.mercadolibre.com.mx/MLM-3523586194-tarja-acero-inoxidable-para-cocina-fregadero-tarjas-8045cm-_JM?searchVariation=186659271567&vip_filters=shipping%3Afulfillment&highlight=false&pdp_filters=shipping%3Afulfillment&headerTopBrand=false#polycard_client=search-nordic&searchVariation=186659271567&position=33&search_layout=grid&type=item&tracking_id=b024ac7e-d5db-4e8d-81fd-c677cc7455d6
Tarja Fregadero Multifuncional Acero Inoxidable 80x46x21cm,"$2,975",https://articulo.mercadolibre.com.mx/MLM-3187586062-tarja-fregadero-multifuncional-acero-inoxidable-80x46x21cm-_JM?searchVariation=186752699599&vip_filters=shipping%3Afulfillment&highlight=false&pdp_filters=shipping%3Afulfillment&headerTopBrand=false#polycard_client=search-nordic&searchVariation=186752699599&position=34&search_layout=grid&type=item&tracking_id=b024ac7e-d5db-4e8d-81fd-c677cc7455d6
Fregadero De Cocina 304 Acero Inoxidable 80*40cm,"$1,885",https://articulo.mercadolibre.com.mx/MLM-3648531202-fregadero-de-cocina-304-acero-inoxidable-8040cm-_JM?searchVariation=187590700393&vip_filters=shipping%3Afulfillment&highlight=false&pdp_filters=shipping%3Afulfillment&headerTopBrand=false#polycard_client=search-nordic&searchVariation=187590700393&position=35&search_layout=grid&type=item&tracking_id=b024ac7e-d5db-4e8d-81fd-c677cc7455d6
Tarja Fregadero De Cocina Cascada Acero Inoxidable 80*45cm,"$1,799",https://articulo.mercadolibre.com.mx/MLM-2223839175-tarja-fregadero-de-cocina-cascada-acero-inoxidable-8045cm-_JM?searchVariation=182790690406&vip_filters=shipping%3Afulfillment&highlight=false&pdp_filters=shipping%3Afulfillment&headerTopBrand=false#polycard_client=search-nordic&searchVariation=182790690406&position=36&search_layout=grid&type=item&tracking_id=b024ac7e-d5db-4e8d-81fd-c677cc7455d6
Fregadero De Cocina Acero Inoxidable 304 Fregadero 80*45cm,"$1,536",https://articulo.mercadolibre.com.mx/MLM-3613968466-fregadero-de-cocina-acero-inoxidable-304-fregadero-8045cm-_JM?searchVariation=187366972679&vip_filters=shipping%3Afulfillment&highlight=false&pdp_filters=shipping%3Afulfillment&headerTopBrand=false#polycard_client=search-nordic&searchVariation=187366972679&position=37&search_layout=grid&type=item&tracking_id=b024ac7e-d5db-4e8d-81fd-c677cc7455d6
Tarja Fregadero De Cocina Cascada Acero 304 Inoxidable 80*46,"$2,599",https://articulo.mercadolibre.com.mx/MLM-3298660998-tarja-fregadero-de-cocina-cascada-acero-304-inoxidable-8046-_JM?searchVariation=184152631587&vip_filters=shipping%3Afulfillment&highlight=false&pdp_filters=shipping%3Afulfillment&headerTopBrand=false#polycard_client=search-nordic&searchVariation=184152631587&position=38&search_layout=grid&type=item&tracking_id=b024ac7e-d5db-4e8d-81fd-c677cc7455d6
Fregadero De Cocina De Acero Inoxidable 80x45 Cm Negro,"$2,218",https://articulo.mercadolibre.com.mx/MLM-3496822478-fregadero-de-cocina-de-acero-inoxidable-80x45-cm-negro-_JM?searchVariation=182499617118&vip_filters=shipping%3Afulfillment&highlight=false&pdp_filters=shipping%3Afulfillment&headerTopBrand=false#polycard_client=search-nordic&searchVariation=182499617118&position=39&search_layout=grid&type=item&tracking_id=b024ac7e-d5db-4e8d-81fd-c677cc7455d6
Set De Tarja Mezcladora Y Accesorios Negro Mate Marca Meer,"$3,799",https://www.mercadolibre.com.mx/set-de-tarja-mezcladora-y-accesorios-negro-mate-marca-meer/p/MLM42780062?pdp_filters=shipping%3Afulfillment&searchVariation=MLM42780062&highlight=false&headerTopBrand=true#polycard_client=search-nordic&searchVariation=MLM42780062&wid=MLM2203442169&position=4&search_layout=grid&type=product&tracking_id=b024ac7e-d5db-4e8d-81fd-c677cc7455d6&sid=search
Acero Inoxidable Kit Fregadero Doble Con Escurridor 80x45cm,"$2,612",https://articulo.mercadolibre.com.mx/MLM-2544877716-acero-inoxidable-kit-fregadero-doble-con-escurridor-80x45cm-_JM?vip_filters=shipping%3Afulfillment&highlight=false&pdp_filters=shipping%3Afulfillment&headerTopBrand=false#polycard_client=search-nordic&position=40&search_layout=grid&type=item&tracking_id=b024ac7e-d5db-4e8d-81fd-c677cc7455d6&wid=MLM2544877716&sid=search
Tarja Acero Inoxidable Fregadero Para Cocina Con Grifo 80x45,"$3,079",https://articulo.mercadolibre.com.mx/MLM-2764203642-tarja-acero-inoxidable-fregadero-para-cocina-con-grifo-80x45-_JM?searchVariation=185292809915&vip_filters=shipping%3Afulfillment&highlight=true&pdp_filters=shipping%3Afulfillment&headerTopBrand=false#polycard_client=search-nordic&searchVariation=185292809915&position=41&search_layout=grid&type=item&tracking_id=b024ac7e-d5db-4e8d-81fd-c677cc7455d6
304acero Inoxidable Tarja Fregadero De Cocinade Cascada80*45,"$2,144",https://articulo.mercadolibre.com.mx/MLM-2544893264-304acero-inoxidable-tarja-fregadero-de-cocinade-cascada8045-_JM?vip_filters=shipping%3Afulfillment&highlight=false&pdp_filters=shipping%3Afulfillment&headerTopBrand=false#polycard_client=search-nordic&position=42&search_layout=grid&type=item&tracking_id=b024ac7e-d5db-4e8d-81fd-c677cc7455d6&wid=MLM2544893264&sid=search
80*45 Fregadero De Cocina Cascada Sus 304  Acero Inoxidable,"$1,979",https://articulo.mercadolibre.com.mx/MLM-3464221712-8045-fregadero-de-cocina-cascada-sus-304-acero-inoxidable-_JM?searchVariation=182234963588&vip_filters=shipping%3Afulfillment&highlight=false&pdp_filters=shipping%3Afulfillment&headerTopBrand=false#polycard_client=search-nordic&searchVariation=182234963588&position=43&search_layout=grid&type=item&tracking_id=b024ac7e-d5db-4e8d-81fd-c677cc7455d6
Fregadero De Cocina Con Accesorios De Acero Inoxidabl 80x45,"$1,966",https://articulo.mercadolibre.com.mx/MLM-3569507858-fregadero-de-cocina-con-accesorios-de-acero-inoxidabl-80x45-_JM?searchVariation=186986198445&vip_filters=shipping%3Afulfillment&highlight=false&pdp_filters=shipping%3Afulfillment&headerTopBrand=false#polycard_client=search-nordic&searchVariation=186986198445&backend_model=search-backend&position=44&search_layout=grid&type=item&tracking_id=b024ac7e-d5db-4e8d-81fd-c677cc7455d6
Fregadero 304de Cocina De Acero Inoxidablecon Accesorio80x45,"$2,396",https://articulo.mercadolibre.com.mx/MLM-3496000462-fregadero-304de-cocina-de-acero-inoxidablecon-accesorio80x45-_JM?vip_filters=shipping%3Afulfillment&highlight=true&pdp_filters=shipping%3Afulfillment&headerTopBrand=false#polycard_client=search-nordic&position=45&search_layout=grid&type=item&tracking_id=b024ac7e-d5db-4e8d-81fd-c677cc7455d6
80x45 Tarja Fregadero De Cocina Cascada 304 Acero Inoxidable,"$2,249",https://articulo.mercadolibre.com.mx/MLM-3214066648-80x45-tarja-fregadero-de-cocina-cascada-304-acero-inoxidable-_JM?searchVariation=183611421175&vip_filters=shipping%3Afulfillment&highlight=false&pdp_filters=shipping%3Afulfillment&headerTopBrand=false#polycard_client=search-nordic&searchVariation=183611421175&backend_model=search-backend&position=46&search_layout=grid&type=item&tracking_id=b024ac7e-d5db-4e8d-81fd-c677cc7455d6
80x45 Led Fregadero De Cocina Tarja Cascada Acero Inoxidable,"$2,463",https://articulo.mercadolibre.com.mx/MLM-2418993386-80x45-led-fregadero-de-cocina-tarja-cascada-acero-inoxidable-_JM?searchVariation=185481972823&vip_filters=shipping%3Afulfillment&highlight=false&pdp_filters=shipping%3Afulfillment&headerTopBrand=false#polycard_client=search-nordic&searchVariation=185481972823&position=47&search_layout=grid&type=item&tracking_id=b024ac7e-d5db-4e8d-81fd-c677cc7455d6
Fregadero De Cocina 304acero Inoxidable Tarja Cascada85*45cm,"$2,375",https://articulo.mercadolibre.com.mx/MLM-2199356867-fregadero-de-cocina-304acero-inoxidable-tarja-cascada8545cm-_JM?searchVariation=182409408498&vip_filters=shipping%3Afulfillment&highlight=false&pdp_filters=shipping%3Afulfillment&headerTopBrand=false#polycard_client=search-nordic&searchVariation=182409408498&position=48&search_layout=grid&type=item&tracking_id=b024ac7e-d5db-4e8d-81fd-c677cc7455d6
80x45 Fregadero De Cocina Tarja Cascada 304 Acero Inoxidable,"$2,188",https://articulo.mercadolibre.com.mx/MLM-2275665345-80x45-fregadero-de-cocina-tarja-cascada-304-acero-inoxidable-_JM?searchVariation=187440344185&vip_filters=shipping%3Afulfillment&highlight=false&pdp_filters=shipping%3Afulfillment&headerTopBrand=false#polycard_client=search-nordic&searchVariation=187440344185&position=49&search_layout=grid&type=item&tracking_id=b024ac7e-d5db-4e8d-81fd-c677cc7455d6
80x45 Fregadero De Cocina De Acero Inoxidable Con Accesorios,"$2,792",https://articulo.mercadolibre.com.mx/MLM-3342792772-80x45-fregadero-de-cocina-de-acero-inoxidable-con-accesorios-_JM?searchVariation=184634168807&vip_filters=shipping%3Afulfillment&highlight=false&pdp_filters=shipping%3Afulfillment&headerTopBrand=false#polycard_client=search-nordic&searchVariation=184634168807&position=50&search_layout=grid&type=item&tracking_id=b024ac7e-d5db-4e8d-81fd-c677cc7455d6
80x45 Fregadero De Cocina Tarja Cascada 304 Acero Inoxidable,"$2,429",https://articulo.mercadolibre.com.mx/MLM-2275641571-80x45-fregadero-de-cocina-tarja-cascada-304-acero-inoxidable-_JM?searchVariation=187441075883&vip_filters=shipping%3Afulfillment&highlight=false&pdp_filters=shipping%3Afulfillment&headerTopBrand=false#polycard_client=search-nordic&searchVariation=187441075883&position=51&search_layout=grid&type=item&tracking_id=b024ac7e-d5db-4e8d-81fd-c677cc7455d6
Fregadero De Cocina Tarja Doble Cubeta Acero Inoxidable Kit,"$2,048",https://articulo.mercadolibre.com.mx/MLM-3668227820-fregadero-de-cocina-tarja-doble-cubeta-acero-inoxidable-kit-_JM?searchVariation=187770037677&vip_filters=shipping%3Afulfillment&highlight=false&pdp_filters=shipping%3Afulfillment&headerTopBrand=false#polycard_client=search-nordic&searchVariation=187770037677&backend_model=search-backend&position=52&search_layout=grid&type=item&tracking_id=b024ac7e-d5db-4e8d-81fd-c677cc7455d6
Tarja Fregadero De Cocina  Cascada Acero Inoxidable304 80*45,"$1,999",https://articulo.mercadolibre.com.mx/MLM-2439152686-tarja-fregadero-de-cocina-cascada-acero-inoxidable304-8045-_JM?searchVariation=179549537829&vip_filters=shipping%3Afulfillment&highlight=false&pdp_filters=shipping%3Afulfillment&headerTopBrand=false#polycard_client=search-nordic&searchVariation=179549537829&position=53&search_layout=grid&type=item&tracking_id=b024ac7e-d5db-4e8d-81fd-c677cc7455d6
8045 Led Fregadero De Cocina Tarja Cascadas Acero Inoxidable,"$2,744",https://articulo.mercadolibre.com.mx/MLM-2768719388-8045-led-fregadero-de-cocina-tarja-cascadas-acero-inoxidable-_JM?searchVariation=181161129023&vip_filters=shipping%3Afulfillment&highlight=false&pdp_filters=shipping%3Afulfillment&headerTopBrand=false#polycard_client=search-nordic&searchVariation=181161129023&backend_model=search-backend&position=54&search_layout=grid&type=item&tracking_id=b024ac7e-d5db-4e8d-81fd-c677cc7455d6
304acero Inoxidable Tarja Fregadero De Cocinade Cascada80*45,"$2,240",https://articulo.mercadolibre.com.mx/MLM-2218229797-304acero-inoxidable-tarja-fregadero-de-cocinade-cascada8045-_JM?searchVariation=182719442812&vip_filters=shipping%3Afulfillment&highlight=false&pdp_filters=shipping%3Afulfillment&headerTopBrand=false#polycard_client=search-nordic&searchVariation=182719442812&position=55&search_layout=grid&type=item&tracking_id=b024ac7e-d5db-4e8d-81fd-c677cc7455d6
Tarja Cocina Fregadero Cascada Digital Extraíble Grifos80*45,"$2,279",https://articulo.mercadolibre.com.mx/MLM-3530340360-tarja-cocina-fregadero-cascada-digital-extraible-grifos8045-_JM?searchVariation=186723196691&vip_filters=shipping%3Afulfillment&highlight=false&pdp_filters=shipping%3Afulfillment&headerTopBrand=false#polycard_client=search-nordic&searchVariation=186723196691&position=56&search_layout=grid&type=item&tracking_id=b024ac7e-d5db-4e8d-81fd-c677cc7455d6
Tarja Fregadero De Cocina Cascada Acero 304 Inoxidable 80*45,"$2,582",https://articulo.mercadolibre.com.mx/MLM-2269151765-tarja-fregadero-de-cocina-cascada-acero-304-inoxidable-8045-_JM?searchVariation=187357372211&vip_filters=shipping%3Afulfillment&highlight=false&pdp_filters=shipping%3Afulfillment&headerTopBrand=false#polycard_client=search-nordic&searchVariation=187357372211&position=57&search_layout=grid&type=item&tracking_id=b024ac7e-d5db-4e8d-81fd-c677cc7455d6
